ID,Title,Author,Year,Format,File
1,ISLAM AGAMAKU,Burhanuddin TR.,2016,PDF,e-book/Buku islam agamaku.pdf
2,dilan,Pidi Baiq,2014,PDF,e-book/dilan.pdf
3,ngenest,Ernest Prakasa,2013,PDF,e-book/ngenest (1).pdf
4,pengantar filsafat umum,Nurani Soyomukti,2011,PDF,e-book/pengantar-filsafat-umum.pdf
5,tentang kamu,Tere Liye,2016,PDF,e-book/Tere Liye - tentang kamu.pdf
6,The Alchemist  A Fable About Following Your Dream,Coelho Paulo,2015,PDF,e-book/The Alchemist  A Fable About Following Your Dream (Coelho, Paulo) (z-lib.org).pdf
7,The Subtle Art of Not Giving a Fck A Counterintuitive Approach to Living a Good Life,Mark Manson,2016,PDF,e-book/The Subtle Art of Not Giving a Fck A Counterintuitive Approach to Living a Good Life (Mark Manson) (z-lib.org).pdf
8,One of Us is Lying,Karen M. McManus,2017,PDF,e-book/One of Us is Lying (Karen M. McManus) (z-lib.org).pdf
9,A Gentle Reminder,Bianca Sparacino,2020,PDF,e-book/A Gentle Reminder (Bianca Sparacino) (z-lib.org).pdf
10,Resume VR,Alif Faturrohman,13040123140138,PDF,e-book/Resume VR.pdf
